{
  "AT": {
    "total_hours": 3504,
    "num_refits": 11,
    "avg_mase": 1.7291920604392188,
    "avg_mape": 7.995352807058005,
    "avg_rmse": 592.7056972981156
  },
  "BE": {
    "total_hours": 3504,
    "num_refits": 11,
    "avg_mase": 1.7045714683781175,
    "avg_mape": 5.34995444007895,
    "avg_rmse": 597.5180081161661
  },
  "BG": {
    "total_hours": 3504,
    "num_refits": 11,
    "avg_mase": 0.9114521754270435,
    "avg_mape": 4.216761344655481,
    "avg_rmse": 204.47584792360524
  }
}