{
  "AT": {
    "total_hours": 3504,
    "num_refits": 11,
    "avg_mase": 2.1182156123818623,
    "avg_mape": 9.809961113399488,
    "avg_rmse": 716.1157464391001
  },
  "BE": {
    "total_hours": 3504,
    "num_refits": 11,
    "avg_mase": 1.9256281144887375,
    "avg_mape": 5.994351014870302,
    "avg_rmse": 677.9230267276289
  },
  "BG": {
    "total_hours": 3504,
    "num_refits": 11,
    "avg_mase": 1.0043540220082638,
    "avg_mape": 4.693692492558957,
    "avg_rmse": 222.03870894511041
  }
}