{
  "AT": {
    "total_hours": 3500,
    "n_refits": 10,
    "refit_frequency_hours": 336,
    "avg_mase": 2.1086946004274236,
    "std_mase": 0.873372196542368,
    "avg_mape_%": 15.734583751864122,
    "std_mape_%": 5.543638152184504,
    "avg_rmse_MW": 1229.1398077418837,
    "std_rmse_MW": 383.09577198344266,
    "min_mape_%": 5.0260086994088935,
    "max_mape_%": 47.37819922183431
  },
  "BE": {
    "total_hours": 3500,
    "n_refits": 10,
    "refit_frequency_hours": 336,
    "avg_mase": 1.9125146547419898,
    "std_mase": 0.7882958016241405,
    "avg_mape_%": 10.162922484341596,
    "std_mape_%": 3.241576200902162,
    "avg_rmse_MW": 1103.5340809901504,
    "std_rmse_MW": 440.63411125766424,
    "min_mape_%": 4.094828192082385,
    "max_mape_%": 22.25984787411223
  },
  "BG": {
    "total_hours": 3500,
    "n_refits": 10,
    "refit_frequency_hours": 336,
    "avg_mase": 3.3344143759352973,
    "std_mase": 1.125259395919378,
    "avg_mape_%": 14.405396717258839,
    "std_mape_%": 2.9179498550247147,
    "avg_rmse_MW": 750.1881005214091,
    "std_rmse_MW": 252.65646144749735,
    "min_mape_%": 7.80431935649038,
    "max_mape_%": 23.694084965770255
  }
}